name,code,flightNumber,route
Aero Caribbean + Ay,AC,895,AC 895 - YYZ -> GCM
Aero Caribbean + Ay,AC,972,AC 972 - YYZ -> GCM
Air Canada,CD,1300,CD 1300 - YYZ -> GCM
Air Canada,CD,895,CD 895 - YOW -> GCM
American Airlines,AA,1962,AA 1962 - CLT -> GCM
American Airlines,AA,819,AA 819 - MIA -> GCM
American Airlines,AA,717,AA 717 - MIA -> GCM
American Airlines,AA,725,AA 725 - MIA -> GCM
American Airlines,AA,1552,AA 1552 - MIA -> GCM
American Airlines,AA,355,AA 355 - DFW -> GCM
American Airlines,AA,806,AA 806 - CHI -> GCM
American Airlines,AA,63,AA 63 - MIA -> GCM
American Airlines,AA,2465,AA 2465 - MIA -> GCM
American Airlines,AA,1111,AA 1111 - ORD -> GCM
American Airlines,AA,15,AA 15 - MIA -> GCM
American Airlines,AA,1653,AA 1653 - CLT -> GCM
American Airlines,AA,821,AA 821 - CLT -> GCM
American Airlines,AA,2197,AA 2197 - MIA -> GCM
American Airlines,AA,714,AA 714 - CLT -> GCM
American Airlines,AA,2197,AA 2197 - MIA -> GCM
American Airlines,AA,1733,AA 1733 - PHL -> GCM
American Airlines,AA,324,AA 324 - DFW -> GCM
American Airlines,AA,2229,AA 2229 - ORD -> GCM
American Airlines,AA,821,AA 821 - ORD -> GCM
American Airlines,AA,2465,AA 2465 - LEB -> GCM
American Airlines,AA,118,AA 118 - ORD -> GCM
American Airlines,AA,2871,AA 2871 - DFW -> GCM
American Airlines,AA,896,AA 896 - ORD -> GCM
American Airlines,AA,831,AA 831 - CLT -> GCM
American Airlines,AA,1277,AA 1277 - ORD -> GCM
American Airlines,AA,2436,AA 2436 - BOS -> GCM
American Airlines,AA,155,AA 155 - CLT -> GCM
American Airlines,AA,368,AA 368 - PHL -> GCM
American Airlines,AA,998,AA 998 - ORD -> GCM
American Airlines,AA,2945,AA 2945 - DFW -> GCM
American Airlines,AA,1628,AA 1628 - DFW -> GCM
American Airlines,AA,2687,AA 2687 - MIA -> GCM
American Airlines,AA,2177,AA 2177 - MIA -> GCM
American Airlines,AA,2687,AA 2687 - MIA -> GCM
American Airlines,AA,327,AA 327 - MIA -> GCM
American Airlines,AA,1994,AA 1994 - MIA -> GCM
American Airlines,AA,1554,AA 1554 - MIA -> GCM
American Airlines,AA,1677,AA 1677 - MIA -> GCM
American Airlines,AA,1344,AA 1344 - PHL -> GCM
American Airlines,AA,2613,AA 2613 - MIA -> GCM
American Airlines,AA,305,AA 305 - CLT -> GCM
American Airlines,AA,956,AA 956 - MIA -> GCM
American Airlines,AA,301,AA 301 - CLT -> GCM
American Airlines,AA,1731,AA 1731 - PHL -> GCM
American Airlines,AA,2017,AA 2017 - CLT -> GCM
American Airlines,AA,1544,AA 1544 - MIA -> GCM
American Airlines,AA,1300,AA 1300 - CLT -> GCM
American Airlines,AA,350,AA 350 - CLT -> GCM
American Airlines,AA,1300,AA 1300 - MIA -> GCM
American Airlines,AA,417,AA 417 - CLT -> GCM
American Airlines,AA,2057,AA 2057 - MIA -> GCM
American Airlines,AA,2034,AA 2034 - DFW -> GCM
American Airlines,AA,2454,AA 2454 - ONX -> GCM
American Airlines,AA,1007,AA 1007 - MIA -> GCM
American Airlines,AA,821,AA 821 - MIA -> GCM
American Airlines,AA,3285,AA 3285 - DFW -> GCM
American Airlines,AA,378,AA 378 - MIA -> GCM
American Airlines,AA,1737,AA 1737 - MIA -> GCM
Aviasca,AE,502,AE 502 - ADZ -> GCM
British Airways,BA,253,BA 253 - LHR -> GCM
British Airways,BA,253,BA 253 - RSL -> GCM
British Airways,BA,253,BA 253 - LHR -> GCM
British Airways,BA,9112,BA 9112 - LHR -> GCM
British Airways,BA,9123,BA 9123 - LHR -> GCM
British Airways,BA,198,BA 198 - BOM -> GCM
British Airways,BA,253,BA 253 - LHR -> GCM
British Airways,BA,253,BA 253 - LHR -> GCM
British Airways,BA,253,BA 253 - LHR -> GCM
British Airways,BA,9113,BA 9113 - LHR -> GCM
British Airways,BA,9115,BA 9115 - LHR -> GCM
British Airways,BA,9114,BA 9114 - LHR -> GCM
Canadian Airways,CA,490,CA 490 - PTY -> GCM
Caribbean Airlines,BW,8039,BW 8039 - KIN -> GCM
Caribbean Airlines,BW,8039,BW 8039 - KIN -> GCM
Caribbean Airlines,BW,5,BW 5 - KIN -> GCM
Caribbean Airlines,BW,9,BW 9 - KIN -> GCM
Caribbean Airlines,BW,8038,BW 8038 - MIA -> GCM
Caribbean Airlines,BW,8048,BW 8048 - MIA -> GCM
Cayman Airways,KX,3103,KX 3103 - MIA -> GCM
Cayman Airways,KX,3103,KX 3103 - MIA -> GCM
Cayman Airways,KX,3601,KX 3601 - KIN -> GCM
Cayman Airways,KX,2113,KX 2113 - MIA -> GCM
Cayman Airways,KX,3881,KX 3881 - LCE -> GCM
Cayman Airways,KX,3881,KX 3881 - LCE -> GCM
Cayman Airways,KX,3601,KX 3601 - KIN -> GCM
Cayman Airways,KX,3601,KX 3601 - KIN -> GCM
Cayman Airways,KX,2883,KX 2883 - LCE -> GCM
Cayman Airways,KX,2107,KX 2107 - MIA -> GCM
Cayman Airways,KX,2103,KX 2103 - MIA -> GCM
Cayman Airways,KX,2609,KX 2609 - KIN -> GCM
Cayman Airways,KX,3881,KX 3881 - LCE -> GCM
Cayman Airways,KX,3603,KX 3603 - KIN -> GCM
Cayman Airways,KX,605,KX 605 - KIN -> GCM
Cayman Airways,KX,3103,KX 3103 - MIA -> GCM
Cayman Airways,KX,3103,KX 3103 - MIA -> GCM
Cayman Airways,KX,3601,KX 3601 - KIN -> GCM
Cayman Airways,KX,3601,KX 3601 - KIN -> GCM
Cayman Airways,KX,3103,KX 3103 - MIA -> GCM
Cayman Airways,KX,481,KX 481 - LAX -> GCM
Cayman Airways,KX,7115,KX 7115 - MIA -> GCM
Cayman Airways,KX,441,KX 441 - DEN -> GCM
Cayman Airways,KX,117,KX 117 - MIA -> GCM
Cayman Airways,KX,8223,KX 8223 - ORL -> GCM
Cayman Airways,KX,124,KX 124 - MIA -> GCM
Cayman Airways,KX,441,KX 441 - DEN -> GCM
Cayman Airways,KX,853,KX 853 - PTY -> GCM
Cayman Airways,KX,803,KX 803 - BGI -> GCM
Cayman Airways,KX,852,KX 852 - ONX -> GCM
Cayman Airways,KX,2105,KX 2105 - MIA -> GCM
Cayman Airways,KX,2853,KX 2853 - PTY -> GCM
Cayman Airways,KX,833,KX 833 - HAV -> GCM
Cayman Airways,KX,835,KX 835 - HAV -> GCM
Cayman Airways,KX,885,KX 885 - RTB -> GCM
Cayman Airways,KX,107,KX 107 - MIA -> GCM
Cayman Airways,KX,793,KX 793 - JFK -> GCM
Cayman Airways,KX,105,KX 105 - MIA -> GCM
Cayman Airways,KX,909,KX 909 - MIA -> GCM
Cayman Airways,KX,103,KX 103 - MIA -> GCM
Cayman Airways,KX,201,KX 201 - TPA -> GCM
Cayman Airways,KX,621,KX 621 - KIN -> GCM
Cayman Airways,KX,109,KX 109 - MIA -> GCM
Cayman Airways,KX,203,KX 203 - TPA -> GCM
Cayman Airways,KX,205,KX 205 - TPA -> GCM
Cayman Airways,KX,3105,KX 3105 - MIA -> GCM
Cayman Airways,KX,123,KX 123 - MIA -> GCM
Cayman Airways,KX,607,KX 607 - KIN -> GCM
Cayman Airways,KX,883,KX 883 - LCE -> GCM
Cayman Airways,KX,621,KX 621 - KIN -> GCM
Cayman Airways,KX,621,KX 621 - KIN -> GCM
Cayman Airways,KX,2105,KX 2105 - MIA -> GCM
Cayman Airways,KX,2909,KX 2909 - MIA -> GCM
Cayman Airways,KX,601,KX 601 - KIN -> GCM
Cayman Airways,KX,609,KX 609 - KIN -> GCM
Cayman Airways,KX,2603,KX 2603 - KIN -> GCM
Cayman Airways,KX,884,KX 884 - RTB -> GCM
Cayman Airways,KX,8211,KX 8211 - TPA -> GCM
Cayman Airways,KX,8031,KX 8031 - SDQ -> GCM
Cayman Airways,KX,2605,KX 2605 - KIN -> GCM
Cayman Airways,KX,880,KX 880 - RTB -> GCM
Cayman Airways,KX,122,KX 122 - MIA -> GCM
Cayman Airways,KX,8071,KX 8071 - BOG -> GCM
Cayman Airways,KX,2601,KX 2601 - KIN -> GCM
Cayman Airways,KX,603,KX 603 - KIN -> GCM
Cayman Airways,KX,1081,KX 1081 - SJO -> GCM
Cayman Airways,KX,441,KX 441 - DEN -> GCM
Cayman Airways,KX,8253,KX 8253 - NAS -> GCM
Cayman Airways,KX,3880,KX 3880 - LCE -> GCM
Cayman Airways,KX,2607,KX 2607 - KIN -> GCM
Cayman Airways,KX,5,KX 5 - KIN -> GCM
Cayman Airways,KX,2881,KX 2881 - LCE -> GCM
Cayman Airways,KX,2880,KX 2880 - LCE -> GCM
Cayman Airways,KX,3123,KX 3123 - MIA -> GCM
Cayman Airways,KX,301,KX 301 - BGI -> GCM
Cayman Airways,KX,8021,KX 8021 - NAS -> GCM
Cayman Airways,KX,621,KX 621 - KIN -> GCM
Cayman Airways,KX,3103,KX 3103 - MIA -> GCM
Cayman Airways,KX,7003,KX 7003 - SEA -> GCM
Cayman Airways,KX,8853,KX 8853 - ONX -> GCM
Cayman Airways,KX,8043,KX 8043 - POS -> GCM
Cayman Airways,KX,4,KX 4 - SEA -> GCM
Cayman Airways,KX,3883,KX 3883 - LCE -> GCM
Cayman Airways,KX,8038,KX 8038 - MIA -> GCM
Cayman Airways,KX,8010,KX 8010 - BGI -> GCM
Cayman Airways,KX,3601,KX 3601 - KIN -> GCM
Cayman Airways,KX,757,KX 757 - MIA -> GCM
Cayman Airways,KX,3833,KX 3833 - HAV -> GCM
Cayman Airways,KX,113,KX 113 - MIA -> GCM
Cayman Airways,KX,3103,KX 3103 - MIA -> GCM
Cayman Airways,KX,3607,KX 3607 - KIN -> GCM
Cayman Airways,KX,3103,KX 3103 - MIA -> GCM
Cayman Airways Charter,DS,8909,DS 8909 - ATL -> GCM
Delta Airlines,DL,916,DL 916 - ATL -> GCM
Delta Airlines,DL,1652,DL 1652 - MES -> GCM
Delta Airlines,DL,733,DL 733 - DET -> GCM
Delta Airlines,DL,687,DL 687 - ATL -> GCM
Delta Airlines,DL,600,DL 600 - ATL -> GCM
Delta Airlines,DL,690,DL 690 - ATL -> GCM
Delta Airlines,DL,697,DL 697 - MIA -> GCM
Delta Airlines,DL,1988,DL 1988 - ATL -> GCM
Delta Airlines,DL,597,DL 597 - ATL -> GCM
Ibc,II,211,II 211 - MIA -> GCM
Ibc,II,725,II 725 - MIA -> GCM
Ibc,II,505,II 505 - MIA -> GCM
Ibc,II,727,II 727 - MIA -> GCM
Ibc,II,725,II 725 - PFN -> GCM
Ibc,II,213,II 213 - MIA -> GCM
Ibc,II,725,II 725 - PFN -> GCM
Ifl Group,IF,8127,IF 8127 - MIA -> GCM
Islena Air,IS,504,IS 504 - MIA -> GCM
Jetblue Airways,B6,765,B6 765 - JFK -> GCM
Jetblue Airways,B6,765,B6 765 - JFK -> GCM
Jetblue Airways,B6,143,B6 143 - BOS -> GCM
Jetblue Airways,B6,1397,B6 1397 - FLL -> GCM
Jetblue Airways,B6,1397,B6 1397 - FLL -> GCM
Jetblue Airways,B6,765,B6 765 - JFK -> GCM
Jetblue Airways,B6,2608,B6 2608 - FLL -> GCM
Jetblue Airways,B6,397,B6 397 - FLL -> GCM
Jetblue Airways,B6,397,B6 397 - FLL -> GCM
Jetblue Airways,B6,343,B6 343 - BOS -> GCM
Jetblue Airways,B6,143,B6 143 - BOS -> GCM
Jetblue Airways,B6,142,B6 142 - BOS -> GCM
Mountain Air Cargo,C2,8127,C2 8127 - MIA -> GCM
Private Air (Charter),PV,0,PV 0 - BWI -> GCM
Private Air (Charter),PV,119,PV 119 - MIA -> GCM
Private Air (Charter),PV,686,PV 686 - MIA -> GCM
Private Air (Charter),PV,515,PV 515 - MIA -> GCM
Private Air (Charter),PV,16,PV 16 - MIA -> GCM
Private Air (Charter),PV,78,PV 78 - MIA -> GCM
Private Air (Charter),PV,984,PV 984 - MIA -> GCM
Private Air (Charter),PV,752,PV 752 - MIA -> GCM
Private Air (Charter),PV,95,PV 95 - MIA -> LYB
Private Air (Charter),PV,8245,PV 8245 - ATL -> GCM
Private Air (Charter),PV,979,PV 979 - SJU -> GCM
Private Air (Charter),PV,171,PV 171 - MIA -> GCM
Private Air (Charter),PV,46,PV 46 - ORD -> GCM
Private Air (Charter),PV,45,PV 45 - GVA -> GCM
Private Air (Charter),PV,78,PV 78 - MIA -> GCM
Private Air (Charter),PV,1,PV 1 - MIA -> GCM
Private Air (Charter),PV,769,PV 769 - MIA -> GCM
Private Air (Charter),PV,501,PV 501 - PBI -> GCM
Private Air (Charter),PV,85025,PV 85025 - MIA -> GCM
Private Air (Charter),PV,85025,PV 85025 - MIA -> GCM
Private Air (Charter),PV,0,PV 0 - MOY -> GCM
Private Air (Charter),PV,501,PV 501 - BHM -> GCM
Private Air (Charter),PV,984,PV 984 - MIA -> GCM
Private Air (Charter),PV,171,PV 171 - MIA -> GCM
Private Air (Charter),PV,9,PV 9 - MIA -> GCM
Private Air (Charter),PV,550,PV 550 - MIA -> GCM
Private Air (Charter),PV,208,PV 208 - TPA -> GCM
Private Air (Charter),PV,561,PV 561 - FLL -> GCM
Private Air (Charter),PV,1492,PV 1492 - BCT -> GCM
Private Air (Charter),PV,1,PV 1 - MIA -> GCM
Private Air (Charter),PV,171,PV 171 - MIA -> GCM
Private Air (Charter),PV,14925,PV 14925 - MIA -> GCM
Private Air (Charter),PV,280,PV 280 - MIA -> GCM
Private Air (Charter),PV,78,PV 78 - MIA -> GCM
Private Air (Charter),PV,1,PV 1 - YYZ -> GCM
Private Air (Charter),PV,909,PV 909 - MIA -> GCM
Private Air (Charter),PV,850,PV 850 - DFW -> GCM
Private Air (Charter),PV,45,PV 45 - PIE -> GCM
Private Air (Charter),PV,909,PV 909 - MIA -> GCM
Private Air (Charter),PV,11,PV 11 - MIA -> GCM
Private Air (Charter),PV,984,PV 984 - MIA -> GCM
Private Air (Charter),PV,45,PV 45 - MIA -> GCM
Private Air (Charter),PV,609,PV 609 - MIA -> GCM
Private Air (Charter),PV,222,PV 222 - MIA -> GCM
Private Air (Charter),PV,1,PV 1 - TPA -> GCM
Private Air (Charter),PV,45,PV 45 - PBI -> GCM
Private Air (Charter),PV,8245,PV 8245 - TPA -> GCM
Private Air (Charter),PV,72,PV 72 - MIA -> GCM
Private Air (Charter),PV,151,PV 151 - MIA -> GCM
Private Air (Charter),PV,16,PV 16 - MIA -> GCM
Private Air (Charter),PV,824,PV 824 - MIA -> GCM
Private Air (Charter),PV,85,PV 85 - MIA -> GCM
Private Air (Charter),PV,980,PV 980 - MIA -> GCM
Private Air (Charter),PV,980,PV 980 - MIA -> GCM
Private Air (Charter),PV,365,PV 365 - MIA -> GCM
Private Air (Charter),PV,980,PV 980 - MIA -> GCM
Private Air (Charter),PV,51,PV 51 - MIA -> GCM
Private Air (Charter),PV,73,PV 73 - MIA -> GCM
Private Air (Charter),PV,171,PV 171 - MIA -> GCM
Private Air (Charter),PV,40,PV 40 - MIA -> GCM
Private Air (Charter),PV,824,PV 824 - ATL -> GCM
Private Air (Charter),PV,199,PV 199 - MIA -> GCM
Private Air (Charter),PV,824,PV 824 - MIA -> GCM
Private Air (Charter),PV,221,PV 221 - MIA -> GCM
Private Air (Charter),PV,313,PV 313 - MIA -> GCM
Private Air (Charter),PV,16,PV 16 - MIA -> GCM
Private Air (Charter),PV,46,PV 46 - MIA -> GCM
Private Air (Charter),PV,171,PV 171 - MIA -> GCM
Private Air (Charter),PV,824,PV 824 - MIA -> GCM
Private Air (Charter),PV,909,PV 909 - MIA -> GCM
Private Air (Charter),PV,824,PV 824 - MIA -> GCM
Private Air (Charter),PV,990,PV 990 - MIA -> GCM
Private Air (Charter),PV,16,PV 16 - HAV -> GCM
Private Air (Charter),PV,824,PV 824 - MIA -> GCM
Private Air (Charter),PV,1,PV 1 - EYW -> GCM
Private Air (Charter),PV,463,PV 463 - EYW -> GCM
Private Air (Charter),PV,793,PV 793 - SNA -> GCM
Private Air (Charter),PV,1,PV 1 - MIA -> GCM
Private Air (Charter),PV,828,PV 828 - MIA -> GCM
Private Air (Charter),PV,720,PV 720 - MIA -> GCM
Private Air (Charter),PV,85025,PV 85025 - MIA -> GCM
Private Air (Charter),PV,635,PV 635 - MIO -> GCM
Private Air (Charter),PV,16,PV 16 - MIA -> GCM
Private Air (Charter),PV,16,PV 16 - MIA -> GCM
Private Air (Charter),PV,1492,PV 1492 - YYZ -> GCM
Private Air (Charter),PV,984,PV 984 - ATL -> GCM
Private Air (Charter),PV,199,PV 199 - HOU -> GCM
Private Air (Charter),PV,691,PV 691 - MIA -> GCM
Private Air (Charter),PV,980,PV 980 - MIA -> GCM
Private Air (Charter),PV,541,PV 541 - MIA -> GCM
Private Air (Charter),PV,53,PV 53 - MIA -> GCM
Private Air (Charter),PV,288,PV 288 - MIA -> GCM
Private Air (Charter),PV,605,PV 605 - SAN -> GCM
Private Air (Charter),PV,85025,PV 85025 - MIA -> GCM
Private Air (Charter),PV,444,PV 444 - MIA -> GCM
Private Air (Charter),PV,8011,PV 8011 - MIA -> GCM
Private Air (Charter),PV,221,PV 221 - TAH -> GCM
Private Air (Charter),PV,528,PV 528 - BNA -> GCM
Private Air (Charter),PV,365,PV 365 - MIA -> GCM
Private Air (Charter),PV,981,PV 981 - MIA -> GCM
Private Air (Charter),PV,946,PV 946 - CHI -> GCM
Private Air (Charter),PV,881,PV 881 - MIA -> GCM
Private Air (Charter),PV,1,PV 1 - YYZ -> GCM
Private Air (Charter),PV,123,PV 123 - YYZ -> GCM
Private Air (Charter),PV,817,PV 817 - MIA -> GCM
Private Air (Charter),PV,609,PV 609 - MIA -> GCM
Private Air (Charter),PV,885,PV 885 - MIA -> GCM
Private Air (Charter),PV,753,PV 753 - PBI -> GCM
Private Air (Charter),PV,1,PV 1 - QUE -> GCM
Private Air (Charter),PV,1,PV 1 - YYZ -> GCM
Private Air (Charter),PV,609,PV 609 - KCK -> GCM
Private Air (Charter),PV,900,PV 900 - KCK -> GCM
Private Air (Charter),PV,48,PV 48 - MIA -> GCM
Private Air (Charter),PV,382,PV 382 - FLL -> GCM
Private Air (Charter),PV,16,PV 16 - MIA -> GCM
Private Air (Charter),PV,400,PV 400 - MIA -> GCM
Private Air (Charter),PV,63,PV 63 - USC -> GCM
Private Air (Charter),PV,137,PV 137 - BWI -> GCM
Private Air (Charter),PV,794,PV 794 - FLL -> GCM
Private Air (Charter),PV,609,PV 609 - MCI -> GCM
Private Air (Charter),PV,800,PV 800 - BGI -> GCM
Private Air (Charter),PV,740,PV 740 - CLT -> GCM
Private Air (Charter),PV,1,PV 1 - TOR -> GCM
Private Air (Charter),PV,7679,PV 7679 - ATL -> GCM
Private Air (Charter),PV,444,PV 444 - MIA -> GCM
Private Air (Charter),PV,1,PV 1 - MIA -> GCM
Private Air (Charter),PV,327,PV 327 - MIA -> GCM
Private Air (Charter),PV,405,PV 405 - MIA -> GCM
Private Air (Charter),PV,10,PV 10 - MIA -> GCM
Private Air (Charter),PV,215,PV 215 - MIA -> GCM
Private Air (Charter),PV,991,PV 991 - MIA -> GCM
Private Air (Charter),PV,296,PV 296 - FLL -> GCM
Private Air (Charter),PV,889,PV 889 - YYZ -> GCM
Private Air (Charter),PV,450,PV 450 - MIA -> GCM
Private Air (Charter),PV,21,PV 21 - MIA -> GCM
Private Air (Charter),PV,200,PV 200 - MIA -> GCM
Private Air (Charter),PV,90,PV 90 - SRQ -> GCM
Private Air (Charter),PV,821,PV 821 - MIA -> GCM
Private Air (Charter),PV,73,PV 73 - MIA -> GCM
Private Air (Charter),PV,514,PV 514 - MIA -> GCM
Private Air (Charter),PV,576,PV 576 - HOU -> GCM
Private Air (Charter),PV,445,PV 445 - MIA -> GCM
Private Air (Charter),PV,1,PV 1 - YYZ -> GCM
Private Air (Charter),PV,67595,PV 67595 - MIA -> GCM
Private Air (Charter),PV,991,PV 991 - MIA -> GCM
Private Air (Charter),PV,37,PV 37 - MIA -> GCM
Private Air (Charter),PV,75,PV 75 - MIA -> GCM
Private Air (Charter),PV,984,PV 984 - MIA -> GCM
Private Air (Charter),PV,290,PV 290 - MIA -> GCM
Private Air (Charter),PV,521,PV 521 - MIA -> GCM
Private Air (Charter),PV,1,PV 1 - MIA -> GCM
Private Air (Charter),PV,1,PV 1 - MIA -> GCM
Private Air (Charter),PV,2,PV 2 - MIA -> GCM
Private Air (Charter),PV,745,PV 745 - NAS -> GCM
Private Air (Charter),PV,1,PV 1 - YYZ -> GCM
Private Air (Charter),PV,991,PV 991 - MIA -> GCM
Private Air (Charter),PV,171,PV 171 - MIA -> GCM
Private Air (Charter),PV,824,PV 824 - DFW -> GCM
Private Air (Charter),PV,824,PV 824 - DFW -> GCM
Private Air (Charter),PV,89888,PV 89888 - YOW -> GCM
Private Air (Charter),PV,20,PV 20 - IDI -> GCM
Private Air (Charter),PV,538,PV 538 - MIA -> GCM
Private Air (Charter),PV,100,PV 100 - MIA -> GCM
Private Air (Charter),PV,901,PV 901 - MIA -> GCM
Private Air (Charter),PV,542,PV 542 - MIA -> GCM
Private Air (Charter),PV,85025,PV 85025 - MIA -> GCM
Private Air (Charter),PV,441,PV 441 - MIA -> GCM
Private Air (Charter),PV,508,PV 508 - BHM -> GCM
Private Air (Charter),PV,9,PV 9 - ORL -> GCM
Private Air (Charter),PV,60,PV 60 - MOB -> GCM
Private Air (Charter),PV,65,PV 65 - MIA -> GCM
Private Air (Charter),PV,65,PV 65 - MIA -> GCM
Private Air (Charter),PV,218,PV 218 - MIA -> GCM
Private Air (Charter),PV,346,PV 346 - MIA -> GCM
Private Air (Charter),PV,0,PV 0 - AHN -> GCM
Private Air (Charter),PV,141,PV 141 - MIA -> GCM
Private Air (Charter),PV,499,PV 499 - FLL -> GCM
Private Air (Charter),PV,535,PV 535 - SRQ -> GCM
Private Air (Charter),PV,782,PV 782 - BED -> GCM
Private Air (Charter),PV,403,PV 403 - MIA -> GCM
Private Air (Charter),PV,749,PV 749 - JFK -> GCM
Private Air (Charter),PV,699,PV 699 - ORL -> GCM
Private Air (Charter),PV,9121,PV 9121 - YYZ -> GCM
Private Air (Charter),PV,96,PV 96 - LAX -> GCM
Private Air (Charter),PV,221,PV 221 - MSY -> GCM
Private Air (Charter),PV,600,PV 600 - MIA -> GCM
Private Air (Charter),PV,580,PV 580 - YYZ -> GCM
Private Air (Charter),PV,9355,PV 9355 - CLT -> GCM
Private Air (Charter),PV,355,PV 355 - CLT -> GCM
Private Air (Charter),PV,2704,PV 2704 - MIA -> GCM
Private Air (Charter),PV,334,PV 334 - MIA -> GCM
Private Air (Charter),PV,985,PV 985 - YOW -> GCM
Private Air (Charter),PV,358,PV 358 - BWI -> GCM
Private Air (Charter),PV,627,PV 627 - MIA -> GCM
Private Air (Charter),PV,361,PV 361 - MIA -> GCM
Private Air (Charter),PV,377,PV 377 - PAP -> GCM
Private Air (Charter),PV,823,PV 823 - BGI -> GCM
Private Air (Charter),PV,160,PV 160 - MIA -> GCM
Private Air (Charter),PV,984,PV 984 - MIA -> GCM
Private Air (Charter),PV,160,PV 160 - MIA -> GCM
Private Air (Charter),PV,160,PV 160 - MIA -> GCM
Private Air (Charter),PV,31,PV 31 - YYZ -> GCM
Private Air (Charter),PV,302,PV 302 - MSY -> GCM
Private Air (Charter),PV,548,PV 548 - ORL -> GCM
Private Air (Charter),PV,22,PV 22 - YYZ -> GCM
Private Air (Charter),PV,35,PV 35 - PPM -> GCM
Private Air (Charter),PV,726,PV 726 - BED -> GCM
Private Air (Charter),PV,316,PV 316 - FLL -> GCM
Private Air (Charter),PV,526,PV 526 - MKE -> GCM
Private Air (Charter),PV,799,PV 799 - FLL -> GCM
Private Air (Charter),PV,375,PV 375 - MIA -> GCM
Private Air (Charter),PV,502,PV 502 - EWR -> GCM
Private Air (Charter),PV,7,PV 7 - MIA -> GCM
Private Air (Charter),PV,7,PV 7 - MIA -> GCM
Private Air (Charter),PV,878,PV 878 - ORD -> GCM
Private Air (Charter),PV,1060,PV 1060 - DAB -> GCM
Private Air (Charter),PV,411,PV 411 - MIA -> GCM
Private Air (Charter),PV,5859,PV 5859 - MIA -> GCM
Private Air (Charter),PV,115,PV 115 - CUN -> GCM
Private Air (Charter),PV,722,PV 722 - MEM -> GCM
Private Air (Charter),PV,14292,PV 14292 - MIA -> GCM
Private Air (Charter),PV,5895,PV 5895 - MIA -> GCM
Private Air (Charter),PV,829,PV 829 - MIA -> GCM
Private Air (Charter),PV,725,PV 725 - MIA -> GCM
Private Air (Charter),PV,764,PV 764 - LAX -> GCM
Private Air (Charter),PV,632,PV 632 - MKE -> GCM
Private Air (Charter),PV,158,PV 158 - BOS -> GCM
Private Air (Charter),PV,549,PV 549 - ANA -> GCM
Private Air (Charter),PV,551,PV 551 - ORD -> GCM
Private Air (Charter),PV,6405,PV 6405 - ISW -> GCM
Private Air (Charter),PV,2704,PV 2704 - TOR -> GCM
Private Air (Charter),PV,998,PV 998 - SAV -> GCM
Private Air (Charter),PV,9,PV 9 - LHR -> GCM
Private Air (Charter),PV,572,PV 572 - MIA -> GCM
Private Air (Charter),PV,881,PV 881 - TPA -> GCM
Private Air (Charter),PV,389,PV 389 - MIA -> GCM
Private Air (Charter),PV,578,PV 578 - MIA -> GCM
Private Air (Charter),PV,255,PV 255 - MIA -> GCM
Private Air (Charter),PV,739,PV 739 - MIA -> GCM
Private Air (Charter),PV,454,PV 454 - MIA -> GCM
Private Air (Charter),PV,777,PV 777 - MIA -> GCM
Private Air (Charter),PV,2401,PV 2401 - MIA -> GCM
Private Air (Charter),PV,691,PV 691 - MIA -> GCM
Private Air (Charter),PV,416,PV 416 - CMH -> GCM
Private Air (Charter),PV,784,PV 784 - GEO -> GCM
Private Air (Charter),PV,188,PV 188 - PHX -> GCM
Private Air (Charter),PV,396,PV 396 - MIA -> GCM
Private Air (Charter),PV,303,PV 303 - MIA -> GCM
Private Air (Charter),PV,4275,PV 4275 - STL -> GCM
Private Air (Charter),PV,6,PV 6 - NAS -> GCM
Private Air (Charter),PV,0,PV 0 - MIA -> GCM
Private Air (Charter),PV,701,PV 701 - MIA -> GCM
Private Air (Charter),PV,524,PV 524 - LHR -> GCM
Private Air (Charter),PV,818,PV 818 - BAI -> GCM
Private Air (Charter),PV,329,PV 329 - MIA -> GCM
Private Air (Charter),PV,1129,PV 1129 - YYZ -> GCM
Private Air (Charter),PV,1101,PV 1101 - YOW -> GCM
Private Air (Charter),PV,588,PV 588 - APF -> GCM
Private Air (Charter),PV,189,PV 189 - RIC -> GCM
Private Air (Charter),PV,651,PV 651 - FLL -> GCM
Private Air (Charter),PV,8,PV 8 - MTH -> GCM
Private Air (Charter),PV,190,PV 190 - ATO -> GCM
Private Air (Charter),PV,29,PV 29 - ACT -> GCM
Private Air (Charter),PV,350,PV 350 - MIA -> GCM
Private Air (Charter),PV,2704,PV 2704 - YYZ -> GCM
Private Air (Charter),PV,4777,PV 4777 - MIA -> GCM
Private Air (Charter),PV,776,PV 776 - LAX -> GCM
Private Air (Charter),PV,108,PV 108 - MIA -> GCM
Private Air (Charter),PV,551,PV 551 - CHI -> GCM
Private Air (Charter),PV,999,PV 999 - MIA -> GCM
Private Air (Charter),PV,836,PV 836 - MIA -> GCM
Private Air (Charter),PV,640,PV 640 - AUW -> GCM
Private Air (Charter),PV,640,PV 640 - AUW -> GCM
Private Air (Charter),PV,640,PV 640 - AHH -> GCM
Private Air (Charter),PV,9,PV 9 - ZRH -> GCM
Private Air (Charter),PV,516,PV 516 - KIN -> GCM
Private Air (Charter),PV,3,PV 3 - YYZ -> GCM
Private Air (Charter),PV,537,PV 537 - LAX -> GCM
Private Air (Charter),PV,164,PV 164 - FLL -> GCM
Private Air (Charter),PV,1321,PV 1321 - MIA -> GCM
Private Air (Charter),PV,884,PV 884 - ATL -> GCM
Private Air (Charter),PV,686,PV 686 - FLL -> GCM
Private Air (Charter),PV,26,PV 26 - FLL -> GCM
Private Air (Charter),PV,16,PV 16 - FLL -> GCM
Private Air (Charter),PV,913,PV 913 - DAL -> GCM
Private Air (Charter),PV,562,PV 562 - MIA -> GCM
Private Air (Charter),PV,257,PV 257 - MIA -> GCM
Private Air (Charter),PV,812,PV 812 - TOR -> GCM
Private Air (Charter),PV,690,PV 690 - FLL -> GCM
Private Air (Charter),PV,280,PV 280 - FLL -> GCM
Private Air (Charter),PV,59,PV 59 - MCI -> GCM
Private Air (Charter),PV,729,PV 729 - EWR -> GCM
Private Air (Charter),PV,127,PV 127 - MIA -> GCM
Private Air (Charter),PV,91,PV 91 - LHR -> GCM
Private Air (Charter),PV,29,PV 29 - FLL -> GCM
Private Air (Charter),PV,352,PV 352 - TOR -> GCM
Private Air (Charter),PV,1222,PV 1222 - YYZ -> GCM
Private Air (Charter),PV,500,PV 500 - ATL -> GCM
Private Air (Charter),PV,25,PV 25 - KYL -> GCM
Private Air (Charter),PV,101,PV 101 - MIA -> GCM
Private Air (Charter),PV,117,PV 117 - HOU -> GCM
Private Air (Charter),PV,94,PV 94 - MIA -> GCM
Private Air (Charter),PV,1045,PV 1045 - PHL -> GCM
Private Air (Charter),PV,178,PV 178 - ORL -> GCM
Private Air (Charter),PV,690,PV 690 - MIA -> GCM
Private Air (Charter),PV,193,PV 193 - HOU -> GCM
Private Air (Charter),PV,433,PV 433 - MSY -> GCM
Private Air (Charter),PV,1001,PV 1001 - GDT -> GCM
Private Air (Charter),PV,926,PV 926 - MIA -> GCM
Private Air (Charter),PV,16,PV 16 - AHN -> GCM
Private Air (Charter),PV,65,PV 65 - CLT -> GCM
Private Air (Charter),PV,586,PV 586 - AUS -> GCM
Private Air (Charter),PV,1603,PV 1603 - AHN -> GCM
Private Air (Charter),PV,650,PV 650 - CLT -> GCM
Private Air (Charter),PV,586,PV 586 - HOU -> GCM
Private Air (Charter),PV,60,PV 60 - MIA -> GCM
Private Air (Charter),PV,352,PV 352 - APF -> GCM
Private Air (Charter),PV,580,PV 580 - YYZ -> GCM
Private Air (Charter),PV,839,PV 839 - HOU -> GCM
Private Air (Charter),PV,355,PV 355 - MIA -> GCM
Private Air (Charter),PV,99,PV 99 - MIA -> GCM
Private Air (Charter),PV,305,PV 305 - ORL -> GCM
Private Air (Charter),PV,144,PV 144 - LAX -> GCM
Private Air (Charter),PV,318,PV 318 - MIA -> GCM
Private Air (Charter),PV,940,PV 940 - MIA -> GCM
Private Air (Charter),PV,801,PV 801 - YYZ -> GCM
Private Air (Charter),PV,774,PV 774 - LAX -> GCM
Private Air (Charter),PV,522,PV 522 - FLL -> GCM
Private Air (Charter),PV,46,PV 46 - YYZ -> GCM
Private Air (Charter),PV,46,PV 46 - YYZ -> GCM
Private Air (Charter),PV,413,PV 413 - HOU -> GCM
Private Air (Charter),PV,589,PV 589 - STL -> GCM
Private Air (Charter),PV,326,PV 326 - MIA -> GCM
Private Air (Charter),PV,503,PV 503 - MIA -> GCM
Private Air (Charter),PV,94,PV 94 - MIA -> GCM
Private Air (Charter),PV,650,PV 650 - FLL -> GCM
Private Air (Charter),PV,70,PV 70 - MIA -> GCM
Private Air (Charter),PV,937,PV 937 - CLT -> GCM
Private Air (Charter),PV,970,PV 970 - YYZ -> GCM
Private Air (Charter),PV,2,PV 2 - YYZ -> GCM
Private Air (Charter),PV,513,PV 513 - MIA -> GCM
Private Air (Charter),PV,33,PV 33 - MIA -> GCM
Private Air (Charter),PV,210,PV 210 - MIA -> GCM
Private Air (Charter),PV,0,PV 0 - NIA -> GCM
Private Air (Charter),PV,435,PV 435 - MIA -> GCM
Private Air (Charter),PV,459,PV 459 - MIA -> GCM
Private Air (Charter),PV,601,PV 601 - MIA -> GCM
Private Air (Charter),PV,601,PV 601 - MIA -> GCM
Private Air (Charter),PV,631,PV 631 - MIA -> GCM
Private Air (Charter),PV,681,PV 681 - MIA -> GCM
Private Air (Charter),PV,773,PV 773 - MIA -> GCM
Private Air (Charter),PV,970,PV 970 - YUL -> GCM
Private Air (Charter),PV,523,PV 523 - MIA -> GCM
Private Air (Charter),PV,523,PV 523 - MIA -> GCM
Private Air (Charter),PV,728,PV 728 - MIA -> GCM
Private Air (Charter),PV,757,PV 757 - MIA -> GCM
Private Air (Charter),PV,330,PV 330 - MIA -> GCM
Private Air (Charter),PV,7216,PV 7216 - MIA -> GCM
Private Air (Charter),PV,617,PV 617 - MIA -> GCM
Private Air (Charter),PV,76,PV 76 - MIA -> GCM
Private Air (Charter),PV,16,PV 16 - MIA -> GCM
Private Air (Charter),PV,557,PV 557 - MIA -> GCM
Private Air (Charter),PV,557,PV 557 - MIA -> GCM
Private Air (Charter),PV,1903,PV 1903 - YYZ -> GCM
Private Air (Charter),PV,1492,PV 1492 - YYZ -> GCM
Private Air (Charter),PV,707,PV 707 - MIA -> GCM
Private Air (Charter),PV,18,PV 18 - ORD -> GCM
Private Air (Charter),PV,763,PV 763 - LAX -> GCM
Private Air (Charter),PV,348,PV 348 - JFK -> GCM
Private Air (Charter),PV,1404,PV 1404 - MIA -> GCM
Private Air (Charter),PV,680,PV 680 - MIA -> GCM
Private Air (Charter),PV,21,PV 21 - SRQ -> GCM
Private Air (Charter),PV,475,PV 475 - MKE -> GCM
Private Air (Charter),PV,1012,PV 1012 - YYZ -> GCM
Private Air (Charter),PV,83,PV 83 - MIA -> GCM
Private Air (Charter),PV,181,PV 181 - MIA -> GCM
Private Air (Charter),PV,604,PV 604 - YHM -> GCM
Private Air (Charter),PV,649,PV 649 - OMA -> GCM
Private Air (Charter),PV,721,PV 721 - MIA -> GCM
Private Air (Charter),PV,552,PV 552 - MIA -> GCM
Private Air (Charter),PV,780,PV 780 - LAX -> GCM
Private Air (Charter),PV,58,PV 58 - MCI -> GCM
Private Air (Charter),PV,56,PV 56 - MIA -> GCM
Private Air (Charter),PV,121,PV 121 - MIA -> GCM
Private Air (Charter),PV,181,PV 181 - MIA -> GCM
Private Air (Charter),PV,700,PV 700 - MIA -> GCM
Private Air (Charter),PV,758,PV 758 - MIA -> GCM
Private Air (Charter),PV,554,PV 554 - MKE -> GCM
Private Air (Charter),PV,988,PV 988 - MIA -> GCM
Private Air (Charter),PV,765,PV 765 - MIA -> GCM
Private Air (Charter),PV,280,PV 280 - MIA -> GCM
Private Air (Charter),PV,579,PV 579 - MIA -> GCM
Private Air (Charter),PV,710,PV 710 - BOS -> GCM
Private Air (Charter),PV,831,PV 831 - MIA -> GCM
Private Air (Charter),PV,242,PV 242 - AUS -> GCM
Private Air (Charter),PV,202,PV 202 - MIA -> GCM
Private Air (Charter),PV,154,PV 154 - YYZ -> GCM
Private Air (Charter),PV,807,PV 807 - ATL -> GCM
Private Air (Charter),PV,52,PV 52 - MIA -> GCM
Private Air (Charter),PV,1412,PV 1412 - YYZ -> GCM
Private Air (Charter),PV,771,PV 771 - MIA -> GCM
Private Air (Charter),PV,214,PV 214 - YYZ -> GCM
Private Air (Charter),PV,239,PV 239 - EWR -> GCM
Private Air (Charter),PV,378,PV 378 - YYZ -> GCM
Private Air (Charter),PV,641,PV 641 - FLL -> GCM
Private Air (Charter),PV,5,PV 5 - MIA -> GCM
Private Air (Charter),PV,209,PV 209 - MIA -> GCM
Private Air (Charter),PV,2108,PV 2108 - YYZ -> GCM
Private Air (Charter),PV,3975,PV 3975 - YYZ -> GCM
Private Air (Charter),PV,403,PV 403 - VNY -> GCM
Private Air (Charter),PV,789,PV 789 - DFW -> GCM
Private Air (Charter),PV,827,PV 827 - EWR -> GCM
Private Air (Charter),PV,812,PV 812 - MIA -> GCM
Private Air (Charter),PV,676,PV 676 - DFW -> GCM
Private Air (Charter),PV,352,PV 352 - MIA -> GCM
Private Air (Charter),PV,221,PV 221 - MSY -> GCM
Private Air (Charter),PV,411,PV 411 - ILL -> GCM
Private Air (Charter),PV,756,PV 756 - LAX -> GCM
Private Air (Charter),PV,756,PV 756 - LAX -> GCM
Private Air (Charter),PV,707,PV 707 - DFW -> GCM
Private Air (Charter),PV,367,PV 367 - MIA -> GCM
Private Air (Charter),PV,921,PV 921 - MIA -> GCM
Private Air (Charter),PV,805,PV 805 - MIA -> GCM
Private Air (Charter),PV,107,PV 107 - MIA -> GCM
Private Air (Charter),PV,2212,PV 2212 - DFW -> GCM
Private Air (Charter),PV,706,PV 706 - HOU -> GCM
Private Air (Charter),PV,675,PV 675 - MIA -> GCM
Private Air (Charter),PV,1492,PV 1492 - MIA -> GCM
Private Air (Charter),PV,721,PV 721 - APF -> GCM
Skyhigh,HI,1053,HI 1053 - SDQ -> GCM
Southwest,WN,3989,WN 3989 - BWI -> GCM
Southwest,WN,6215,WN 6215 - FLL -> GCM
Southwest,WN,1237,WN 1237 - FLL -> GCM
Southwest,WN,6551,WN 6551 - FLL -> GCM
Southwest,WN,729,WN 729 - HOU -> GCM
Southwest,WN,3989,WN 3989 - BWI -> GCM
Southwest,WN,220,WN 220 - FLL -> GCM
Southwest,WN,6215,WN 6215 - FLL -> GCM
Southwest,WN,6215,WN 6215 - FLL -> GCM
Southwest,WN,1236,WN 1236 - FLL -> GCM
Southwest,WN,1236,WN 1236 - FLL -> GCM
Southwest,WN,1215,WN 1215 - FLL -> GCM
Sun Country,SC,793,SC 793 - MSP -> GCM
Sun World,SW,729,SW 729 - HOU -> GCM
Sun World,SW,6215,SW 6215 - FLL -> GCM
Sun World,SW,6551,SW 6551 - FLL -> GCM
Sun World,SW,1215,SW 1215 - FLL -> GCM
United Airlines,UA,2119,UA 2119 - EWR -> GCM
United Airlines,UA,551,UA 551 - HOU -> GCM
United Airlines,UA,322,UA 322 - ORD -> GCM
United Airlines,UA,322,UA 322 - ORD -> GCM
United Airlines,UA,220,UA 220 - WAS -> GCM
United Airlines,UA,3028,UA 3028 - IAD -> GCM
United Airlines,UA,1495,UA 1495 - HOU -> GCM
United Airlines,UA,1139,UA 1139 - IA9 -> GCM
United Airlines,UA,2427,UA 2427 - ORD -> GCM
United Airlines,UA,1436,UA 1436 - EWR -> GCM
United Airlines,UA,1258,UA 1258 - IAD -> GCM
United Airlines,UA,1494,UA 1494 - HOU -> GCM
United Airlines,UA,1911,UA 1911 - ORD -> GCM
United Airlines,UA,1258,UA 1258 - WAS -> GCM
United Airlines,UA,1496,UA 1496 - HOU -> GCM
United Airlines,UA,322,UA 322 - ORD -> GCM
United Airlines,UA,220,UA 220 - WAS -> GCM
Westjet,WS,2608,WS 2608 - YYZ -> GCM
Westjet,WS,2790,WS 2790 - YYZ -> GCM
Westjet,WS,2534,WS 2534 - YYZ -> GCM
Westjet,WS,2032,WS 2032 - YYZ -> GCM
